Workbook

Sheet Sprint 1 - Week 1
A1: CS492 Airline Reservation System — Sprint 1, Week 1
A3: Sprint | B3: Sprint 1
A4: Week | B4: Week 1
A5: Sprint length | B5: 2 weeks
A6: Week 1 focus | B6: Planning, setup, and initial implementation
A7: Sprint goal | B7: Establish core functionality through registration/login, flight search, and flight-detail viewing.
A9: Task ID | B9: Story ID | C9: Task / Deliverable | D9: Owner | E9: Initial Estimate (hrs) | F9: Actual Week 1 Hours | G9: Status | H9: Acceptance / Evidence | I9: Notes | J9: Responsibilities
A10: T01 | B10: US-001 | C10: Review and merge CS491 project documents | D10: Tonya Coyne | E10: 1 | F10: 1 | G10: Complete | H10: Group project document reviewed and current CS492 scope agreed. | J10: Tonya was responsible for reviewing and merging the documents.
A11: T02 | B11: US-002 | C11: Finalize Sprint 1 backlog, priorities, and acceptance criteria | D11: Tonya Coyne | E11: 1.5 | F11: 1.5 | G11: Complete | H11: Sprint 1 stories are prioritized, estimated, assigned, and testable. | J11: Tonya was responsible for finalizing the document.
A12: T03 | B12: US-003 | C12: Set up or verify GitHub repository and branch workflow | D12: Tonya Coyne | E12: 1 | F12: 1 | G12: Complete | H12: Repository access confirmed; branch and pull-request process documented. | I12: Do not commit passwords, API keys, database credentials, JWT secrets, or .env files. | J12: Tonya was responsible for verifying repository access, confirming branch workflow, and documenting pull request procedures.
A13: T04 | B13: US-004 | C13: Create login and registration UI | D13: Tonya Coyne | E13: 3 | F13: 1 | G13: Complete | H13: Responsive forms display validation messages and meet agreed design. | J13: Tonya was responsible for designing and building the login and registration interface, including input validation, error messaging, and ensuring the forms matched the Sprint 1 design requirements.
A14: T05 | B14: US-005 | C14: Create flight-search UI and search criteria model | D14: Ricky Diaz | E14: 3 | F14: 3 | G14: Complete | H14: User can enter origin, destination, departure date, and passenger count. | J14: Ricky was responsible for designing and implementing the flight‑search interface, including origin/destination fields, date selection, passenger count, and ensuring the UI correctly passed search criteria to backend logic.
A15: T06 | B15: US-006 | C15: Create flight-details UI | D15: Ricky Diaz | E15: 2 | F15: 2 | G15: Complete | H15: Selected flight details display airline, times, route, price, and availability. | J15: Ricky was responsible for building the flight‑details interface, ensuring users could view airline information, departure and arrival times, route details, pricing, and seat availability for the selected flight.
A16: T07 | B16: US-007 | C16: Define backend/API and database structure for Sprint 1 | D16: Ricky Diaz | E16: 3 | F16: 3 | G16: Complete | H16: Endpoints and data models for users, flights, and search are documented or scaffolded. | J16: Ricky was responsible for defining the backend structure, including API endpoints for authentication and flight search, and outlining the database schema for users, flights, and reservations. He documented the initial models and ensured the backend design aligned with Sprint 1 UI requirements.
A17: T08 | B17: US-008 | C17: Implement initial authentication or flight-search service logic | D17: Ricky Diaz | E17: 3 | F17: 3 | G17: Complete | H17: Initial service runs locally and returns a controlled success/error response. | J17: Ricky was responsible for implementing the initial backend service logic for authentication or flight search. This included creating basic request/response handling, returning controlled success/error messages, and ensuring the service could run locally for Sprint 1 integration.
A18: T09 | B18: US-009 | C18: Integrate initial UI and service components | D18: Entire Team | E18: 2 | F18: 2 | G18: Complete | H18: At least one Sprint 1 flow connects across components without console errors. | J18: The entire team was responsible for connecting the Sprint 1 UI components (login, registration, flight search, and flight details) with the initial backend service logic. This included verifying that at least one complete user flow worked end‑to‑end without console errors and coordinating fixes across UI and backend components.
A19: T10 | B19: US-010 | C19: Test completed Week 1 work and record defects | D19: Melissa Almanza | E19: 1.5 | F19: 2 | G19: Complete | H19: Basic tests completed and defects recorded with owner and next step. | J19: Melissa was responsible for testing all Sprint 1 features completed during Week 1, including login, registration, flight search, and flight‑details pages. Each member recorded defects, assigned owners for fixes, and documented next steps to ensure issues were tracked for Week 2.
A20: T11 | B20: US-011 | C20: Update documents and enter Week 1 hours | D20: Tonya Coyne | E20: 1 | F20: 1 | G20: Complete | H20: Project document, sprint plan, communication log, and hours are ready to submit. | J20: Tonya responsible for updating project documentation, refining the Sprint 1 plan, and entering all Week 1 hours into the Hours Log. This included verifying accuracy across the Project Document, Sprint Planning workbook, communication records, and ensuring all materials were ready for submission.
A22: Summary | B22: Planned Hours | C22: Actual Hours | D22: Completion
A23: Sprint 1 — Week 1 | B23: =SUM(E10:E20) -> 22 | C23: =SUM(F10:F20) -> 20.5 | D23: =COUNTIF(G10:G20,"Complete")/COUNTA(A10:A20) -> 1
A25: Yellow cells are for actual Week 1 hours. Update task status and attach or link evidence before submission.

Sheet Sprint 1 - Week 2
A1: CS492 Airline Reservation System — Sprint 1, Week 2
A3: Sprint | B3: Sprint 1
A4: Week | B4: Week 2
A5: Sprint length | B5: 2 weeks
A6: Week 2 focus | B6: Complete, verify, and document the planned Sprint 1 application functionality, testing, retrospective, and submission materials.
A7: Sprint goal | B7: Establish core functionality through user registration/login, flight search, and flight‑detail viewing, ensuring at least one complete user flow works end‑to‑end.
A9: Task ID | B9: Story ID | C9: Task / Deliverable | D9: Owner | E9: Initial Estimate (hrs) | F9: Actual Week 2 Hours | G9: Status | H9: Acceptance / Evidence | I9: Notes | J9: Responsibilities
A10: T01 | B10: US-001 | C10: Review and merge CS491 project documents | D10: Tonya Coyne and Melissa Almanza | E10: 1 | F10: 1 | G10: Complete | H10: Group project document reviewed and current CS492 scope confirmed. | J10: Tonya and Melissa reviewed the prior project materials, reconciled the current scope, and prepared the supporting documentation for the Sprint 1 submission.
A11: T02 | B11: US-002 | C11: Finalize Sprint 1 backlog, priorities, and acceptance criteria | D11: Tonya Coyne and Macameron Clark | E11: 1.5 | F11: 1.5 | G11: Complete | H11: Sprint 1 stories are prioritized, estimated, assigned, and testable. | J11: Tonya and Melissa maintained the Sprint Planning document, clarified priorities and acceptance criteria, and organized the records required for submission.
A12: T03 | B12: US-003 | C12: Set up or verify GitHub repository and branch workflow | D12: Tonya Coyne | E12: 1 | F12: 1 | G12: Complete | H12: Repository access confirmed; branch and pull-request process documented. | I12: Do not commit passwords, API keys, database credentials, JWT secrets, or .env files. | J12: Tonya coordinated repository access and the collaboration workflow. Macameron's collaborator invitation remained unaccepted, and no repository contribution was reported from him.
A13: T04 | B13: US-004 | C13: Create login and registration UI | D13: Ricky Diaz | E13: 3 | F13: 3 | G13: Complete | H13: Add a commit, pull request, screenshot, or executable-build reference; then mark Complete if acceptance criteria are met. | J13: Ricky implemented the login and registration interface, including validation, error handling, and the agreed Sprint 1 design.
A14: T05 | B14: US-005 | C14: Create flight-search UI and search criteria model | D14: Ricky Diaz | E14: 3 | F14: 3 | G14: Complete | H14: Add a commit, pull request, screenshot, or executable-build reference; then mark Complete if acceptance criteria are met. | J14: Ricky implemented the flight-search interface and search criteria, including origin, destination, departure date, and passenger count.
A15: T06 | B15: US-006 | C15: Create flight-details UI | D15: Ricky Diaz | E15: 2 | F15: 2 | G15: Complete | H15: Add a commit, pull request, screenshot, or executable-build reference; then mark Complete if acceptance criteria are met. | J15: Ricky implemented the flight-details view for route, schedule, price, airline, and availability information.
A16: T07 | B16: US-007 | C16: Define backend/API and database structure for Sprint 1 | D16: Ricky Diaz | E16: 3 | F16: 3 | G16: Complete | H16: Add API/schema evidence or a repository reference; then mark Complete if acceptance criteria are met. | J16: Ricky designed and implemented the Sprint 1 backend/API and database structure for users, flights, search, and supporting application data.
A17: T08 | B17: US-008 | C17: Implement initial authentication or flight-search service logic | D17: Macameron Clark | E17: 3 | F17: 3 | G17: Complete | H17: Add service/API test evidence or a repository reference; then mark Complete if acceptance criteria are met. | J17: Ricky implemented the initial authentication and flight-search service logic, including controlled request, success, and error handling.
A18: T09 | B18: US-009 | C18: Integrate initial UI and service components | D18: Macameron Clark | E18: 2 | F18: 2 | G18: Complete | H18: Add end-to-end flow evidence and confirm no blocking console or server errors. | J18: Ricky connected the user interface, services, backend, and database components and prepared the working Sprint 1 application flow.
A19: T10 | B19: US-010 | C19: Test completed Week 2 work and record defects | D19: Tonya Coyne and Melissa Almanza | E19: 1.5 | F19: 1.5 | G19: Complete | H19: Add the test record, defects found, and verification results. | J19: Tonya and Melissa tested the planned Sprint 1 functionality, documented defects or observations, and verified fixes and submission readiness.
A20: T11 | B20: US-011 | C20: Update documents and enter Week 2 hours | D20: Tonya Coyne and Melissa Almanza | E20: 1 | F20: 1 | G20: Complete | H20: Add the final Project Document, retrospective, completed hours, and ZIP/package evidence. | J20: Tonya and Melissa updated the Sprint Planning workbook, hours records, Project Document, retrospective material, and final submission documentation.
A22: Summary | B22: Planned Hours | C22: Actual Hours | D22: Completion
A23: Sprint 1 — Week 2 | B23: =SUM(E10:E20) -> 22 | C23: =SUM(F10:F20) -> 22 | D23: =COUNTIF(G10:G20,"Complete")/COUNTA(A10:A20) -> 1
A25: Enter actual Week 2 hours in the Hours Log. Confirm each task status and add specific evidence before submission.

Sheet Sprint 2 - Week 1
A1: CS492 Airline Reservation System — Sprint 2, Week 1
A3: Sprint | B3: Sprint 2
A4: Week | B4: week 1
A5: Sprint length | B5: 2 weeks
A6: Week 2 focus
A7: Sprint goal
A9: Task ID | B9: Story ID | C9: Task / Deliverable | D9: Owner | E9: Initial Estimate (hrs) | F9: Actual Week 2 Hours | G9: Status | H9: Acceptance / Evidence | I9: Notes | J9: Responsibilities
A10: T01 | B10: US-001 | C10: Updating documentation from last sprint | D10: Tonya Coyne | E10: 1 | F10: 1 | G10: In Progress | J10: Tonya reviewed last weeks work and updated the sprint logs.
A11: T02 | B11: US-002 | C11: Updating and logging hours | D11: Tonya Coyne | E11: 1 | F11: 1 | G11: In Progress
A12: T03 | B12: US-003 | C12: Team Collaboration for 2nd Sprint | D12: Tonya Coyne | E12: 1 | F12: 1 | G12: In Progress | I12: Do not commit passwords, API keys, database credentials, JWT secrets, or .env files.
A13: T04 | B13: US-004 | F13: =SUMIF('Hours Log Week 2'!$C$4:$C$18,A13,'Hours Log Week 2'!$E$4:$E$18) -> 1 | G13: Not Started
A14: T05 | B14: US-005 | F14: =SUMIF('Hours Log Week 2'!$C$4:$C$18,A14,'Hours Log Week 2'!$E$4:$E$18) -> 1.5 | G14: Not Started
A15: T06 | B15: US-006 | F15: =SUMIF('Hours Log Week 2'!$C$4:$C$18,A15,'Hours Log Week 2'!$E$4:$E$18) -> 1.5 | G15: Not Started
A16: T07 | B16: US-007 | F16: =SUMIF('Hours Log Week 2'!$C$4:$C$18,A16,'Hours Log Week 2'!$E$4:$E$18) -> 1.5 | G16: Not Started
A17: T08 | B17: US-008 | F17: =SUMIF('Hours Log Week 2'!$C$4:$C$18,A17,'Hours Log Week 2'!$E$4:$E$18) -> 1.5 | G17: Not Started
A18: T09 | B18: US-009 | F18: =SUMIF('Hours Log Week 2'!$C$4:$C$18,A18,'Hours Log Week 2'!$E$4:$E$18) -> 1.5 | G18: Not Started
A19: T10 | B19: US-010 | F19: =SUMIF('Hours Log Week 2'!$C$4:$C$18,A19,'Hours Log Week 2'!$E$4:$E$18) -> 4 | G19: Not Started
A20: T11 | B20: US-011 | F20: =SUMIF('Hours Log Week 2'!$C$4:$C$18,A20,'Hours Log Week 2'!$E$4:$E$18) -> 3 | G20: Not Started
A22: Summary | B22: Planned Hours | C22: Actual Hours | D22: Completion
A23: Sprint 1 — Week 2 | B23: =SUM(E10:E20) -> 3 | C23: =SUM(F10:F20) -> 18.5 | D23: =COUNTIF(G10:G20,"Complete")/COUNTA(A10:A20) -> 0
A25: Enter actual Week 3 hours in the Hours Log. Confirm each task status and add specific evidence before submission.

Sheet Hours Log Week-1
A1: Sprint 1 — Week 1 Individual Hours Log
A3: Date | B3: Team Member | C3: Task ID | D3: Work Performed | E3: Hours | F3: Evidence / Link | G3: Notes
A4: 46266 | B4: Tonya Coyne | C4: T01 | D4: Reviewed CS491 project documents | E4: 1 | F4: Project Document updated
A5: 46266 | B5: Tonya Coyne | C5: T05 | D5: Set up GitHub repository and verified access | E5: 1 | F5: GitHub repo created
A6: 46267 | B6: Tonya Coyne | C6: T07 | D6: Filled Sprint Planning template (Week 1 setup) | E6: 1 | F6: Sprint Planning Workbook updated
A7: 46268 | B7: Tonya Coyne | C7: T11 | D7: Updated Group Project Document and Week 1 log | E7: 1 | F7: Group Project Document updated
A8: 46269 | B8: Tonya Coyne | C8: T09 | D8: Organized Sprint 1 tasks and prepared backlog | E8: 0.5 | F8: Backlog Updated
B9: Macameron Clark | E9: 0
B10: Macameron Clark | E10: 0
B11: Macameron Clark | E11: 0
B12: Macameron Clark | E12: 0
B13: Macameron Clark | E13: 0
B14: Ricky Diaz | E14: 0
B15: Ricky Diaz | E15: 0
B16: Ricky Diaz | E16: 0
B17: Ricky Diaz | E17: 0
B18: Ricky Diaz | E18: 0
A20: Team Member | B20: Week 1 Total Hours
A21: Tonya Coyne | B21: =SUMIF(B4:B18,A21,E4:E18) -> 4.5
A22: Macameron Clark | B22: =SUMIF(B5:B19,A22,E5:E19) -> 0
A23: Ricky Diaz | B23: 0
A24: Melissa Almanza | B24: =SUMIF(B6:B20,A24,E6:E20) -> 0
A25: Group Total | B25: =SUM(B21:B24) -> 4.5
A27: Enter only hours actually worked. Add rows if needed; preserve the same columns and formulas.

Sheet Hours Log Week 2
A1: Sprint 1 — Week 2 Individual Hours Log
A3: Date | B3: Team Member | C3: Task ID | D3: Work Performed | E3: Hours | F3: Evidence / Link | G3: Notes
A4: 9/8/2026 - 9/14/2026 | B4: Tonya Coyne | C4: T01 | D4: Reviewed prior project materials and updated the current Sprint 1 documentation | E4: 1 | F4: CS492_GP3_Sprint2_Week1 | G4: Enter actual date and hours
A5: 9/8/2026 - 9/14/2027 | B5: Tonya Coyne | C5: T02 | D5: Maintained the Sprint Planning document, priorities, acceptance criteria, and assignments | E5: 1.5 | F5: CS492_GP3_Sprint2_Week1 | G5: Enter actual date and hours
A6: 9/8/2026 - 9/14/2028 | B6: Tonya Coyne | C6: T03 | D6: Coordinated repository access and followed up on the outstanding collaborator invitation | E6: 1.5 | F6: Enter invitation or communication evidence | G6: Enter actual date and hours
A7: 9/8/2026 - 9/14/2029 | B7: Tonya Coyne | C7: T10 | D7: Tested the Sprint 1 application and documented defects or observations | E7: 1 | F7: Enter test record or screenshot | G7: Enter actual date and hours
A8: 9/8/2026 - 9/14/2030 | B8: Tonya Coyne | C8: T11 | D8: Updated submission documents and contributed to the Sprint 1 retrospective | E8: 2 | F8: Enter document section or file reference | G8: Enter actual date and hours
A9: 9/8/2026 - 9/14/2031 | B9: Melissa Almanza | C9: T01 | D9: Reviewed the project documentation for accuracy, organization, and completeness | E9: 1 | F9: Enter document section or review evidence | G9: Enter actual date and hours
A10: 9/8/2026 - 9/14/2032 | B10: Melissa Almanza | C10: T10 | D10: Executed functional tests for login, registration, flight search, and flight details | E10: 1.5 | F10: Enter test cases, results, or screenshots | G10: Enter actual date and hours
A11: 9/8/2026 - 9/14/2033 | B11: Melissa Almanza | C11: T10 | D11: Retested corrections and verified defects or observations for submission | E11: 1.5 | F11: Enter retest or defect evidence | G11: Enter actual date and hours
A12: 9/8/2026 - 9/14/2034 | B12: Melissa Almanza | C12: T11 | D12: Reviewed the Sprint Planning document, retrospective, and final submission materials | E12: 1 | F12: Enter document or review reference | G12: Enter actual date and hours
A13: 9/8/2026 - 9/14/2035 | B13: Ricky Diaz | C13: T04 | D13: Implemented login and registration UI, validation, and error handling | E13: 1 | F13: Enter commit, pull request, or screenshot | G13: Enter actual date and hours
A14: 9/8/2026 - 9/14/2036 | B14: Ricky Diaz | C14: T05 | D14: Implemented the flight-search UI and search criteria model | E14: 1.5 | F14: Enter commit, pull request, or screenshot | G14: Enter actual date and hours
A15: 9/8/2026 - 9/14/2037 | B15: Ricky Diaz | C15: T06 | D15: Implemented the flight-details UI and data display | E15: 1.5 | F15: Enter commit, pull request, or screenshot | G15: Enter actual date and hours
... A18: 9/8/2026 - 9/14/2040 | B18: Ricky Diaz | C18: T09 | D18: Integrated the UI, services, backend, and database into the working Sprint 1 flow | E18: 1.5 | F18: Enter end-to-end test or build reference | G18: Enter actual date and hours
A20: Team Member | B20: Week 2 Total Hours
A21: Tonya Coyne | B21: =SUMIF($B$4:$B$18,A21,$E$4:$E$18) -> 7
A22: Macameron Clark | B22: =SUMIF($B$4:$B$18,A22,$E$4:$E$18) -> 0
A23: Ricky Diaz | B23: =SUMIF($B$4:$B$18,A23,$E$4:$E$18) -> 8.5
A24: Melissa Almanza | B24: =SUMIF($B$4:$B$18,A24,$E$4:$E$18) -> 5
A25: Group Total | B25: =SUM(B21:B24) -> 20.5
A27: Enter only actual dates and hours. Macameron Clark remains at 0 unless he completes verifiable Sprint 1 work before submission.

Sheet Hours Log Week 3
A1: Sprint 2 — Week 1 Individual Hours Log
A3: Date | B3: Team Member | C3: Task ID | D3: Work Performed | E3: Hours | F3: Evidence / Link | G3: Notes
A4: 46281 | B4: Tonya Coyne | C4: T01 | D4: Worked on updating and correcting the documentation | E4: 1.5 | G4: Enter actual date and hours
B5: Tonya Coyne | C5: T02 | D5: Logged weekly hours | E5: 1 | G5: Enter actual date and hours
B6: Tonya Coyne | C6: T03 | D6: Collaborate with the team | E6: 1 | G6: Enter actual date and hours
B7: Tonya Coyne | C7: T10 | G7: Enter actual date and hours
B8: Tonya Coyne | C8: T11 | G8: Enter actual date and hours
B9: Melissa Almanza | C9: T01 | G9: Enter actual date and hours
B10: Melissa Almanza | C10: T10 | G10: Enter actual date and hours
B11: Melissa Almanza | C11: T10 | G11: Enter actual date and hours
B12: Melissa Almanza | C12: T11 | G12: Enter actual date and hours
A13: 46282 | B13: Ricky Diaz | C13: T04 | D13: Building API | E13: ? | G13: Enter actual date and hours
B14: Ricky Diaz | C14: T05 | G14: Enter actual date and hours
B15: Ricky Diaz | C15: T06 | G15: Enter actual date and hours
B16: Ricky Diaz | C16: T07 | G16: Enter actual date and hours
B17: Ricky Diaz | C17: T08 | G17: Enter actual date and hours
B18: Ricky Diaz | C18: T09 | G18: Enter actual date and hours
A20: Team Member | B20: Week 2 Total Hours
A21: Tonya Coyne | B21: =SUMIF($B$4:$B$18,A21,$E$4:$E$18) -> 3.5
A22: Macameron Clark | B22: =SUMIF($B$4:$B$18,A22,$E$4:$E$18) -> 0
A23: Ricky Diaz | B23: =SUMIF($B$4:$B$18,A23,$E$4:$E$18) -> 0
A24: Melissa Almanza | B24: =SUMIF($B$4:$B$18,A24,$E$4:$E$18) -> 0
A25: Group Total | B25: =SUM(B21:B24) -> 3.5
A27: Enter only actual dates and hours. Macameron Clark remains at 0 unless he completes verifiable Sprint 1 work before submission.

Sheet Team Communication
A1: Group Communication Record — Week 1
A3: Date | B3: Method | C3: Participants | D3: Purpose | E3: Decisions / Outcomes | F3: Follow-up Owner | G3: Evidence / Location
A4: 46268 | B4: CTU Discussion Board | C4: Tonya, Ricky, Macameron, Melissa | D4: Organize a plan | E4: Tonya will plan meetings and update documents
A5: 46270 | B5: CTU Discussion Board | C5: Tonya, Ricky, Macameron, Melissa | D5: Organize a plan | E5: Melissa will take T09 and T10- integrating the initial UI/service components and testing the completed Week 1 work/recording any defects.
A6: 46271 | B6: CTU Discussion Board | C6: Tonya, Ricky, Macameron, Melissa | D6: Organize a plan | E6: Ricky is flexible and can work on the frontend, backend, deployment, or any combination of those areas.
A7: 46270 | B7: Phone | C7: Tonya, Ricky | D7: Planning | E7: Ricky will start on some of the coding. Tonya will continue to update and document.
B8: Repository status | C8: Macameron Clark | D8: Document participation status | E8: No contribution was reported, and the repository collaborator invitation remained unaccepted. | F8: Macameron Clark | G8: Add invitation status or follow-up evidence if available
A11: Record at least one actual team interaction, including all participants and the decision or next action. Do not invent communication that did not occur.

Sheet Sheet4
A1: Group Communication Record — Week 2
A3: Date | B3: Method | C3: Participants | D3: Purpose | E3: Decisions / Outcomes | F3: Follow-up Owner | G3: Evidence / Location
A4: 46268 | B4: CTU Discussion Board | C4: Tonya, Ricky, Macameron, Melissa | D4: Organize a plan | E4: Tonya will plan meetings and update documents
A5: 46270 | B5: CTU Discussion Board | C5: Tonya, Ricky, Macameron, Melissa | D5: Organize a plan | E5: Melissa will take T09 and T10- integrating the initial UI/service components and testing the completed Week 1 work/recording any defects.
A6: 46271 | B6: CTU Discussion Board | C6: Tonya, Ricky, Macameron, Melissa | D6: Organize a plan | E6: Ricky is flexible and can work on the frontend, backend, deployment, or any combination of those areas.
A7: 46270 | B7: Phone | C7: Tonya, Ricky | D7: Planning | E7: Ricky will start on some of the coding. Tonya will continue to update and document.
B8: Repository status | C8: Macameron Clark | D8: Document participation status | E8: No contribution was reported, and the repository collaborator invitation remained unaccepted. | F8: Macameron Clark | G8: Add invitation status or follow-up evidence if available
A11: Record at least one actual team interaction, including all participants and the decision or next action. Do not invent communication that did not occur.

Sheet Week 1 Submission Checklist
A1: Week 1 Submission Checklist
A3: Rubric Requirement | B3: Points | C3: Status | D3: Final Check / Evidence
A4: Group communication established | B4: 25 | C4: Complete | D4: Enter an actual interaction in Team Communication.
A5: Group Project Document revised and combined | B5: 25 | C5: Complete | D5: Confirm current members, roles, scope, architecture, and CS492 implementation language.
A6: Sprint 1 Planning Document refined | B6: 25 | C6: Complete | D6: Review tasks, owners, estimates, priorities, and acceptance criteria.
A7: Sprint 1 — Week 1 hours recorded | B7: 25 | C7: Complete | D7: Enter each member's actual time in Hours Log.
A8: Information is logical and relevant | B8: 15 | C8: Complete | D8: Check naming, Sprint 1 labels, and consistency across files.
A9: Grammar, spelling, punctuation, and required style | B9: 10 | C9: Complete | D9: Proofread both documents before upload.
A11: Total Points Possible | B11: 125

Sheet Week 2 Submission Checklist
A1: Week 2 Submission Checklist
A3: Rubric Requirement | B3: Points | C3: Status | D3: Final Check / Evidence
A4: Sprint 1 – Week 2 Hours Tracking: Team members recorded hours for Sprint 1 – Week 2 | B4: 20 | C4: Complete | D4: Enter actual Week 2 dates and hours for Ricky, Tonya, and Melissa.
A5: Sprint 1 Retrospective Summary Report: Report included what worked well, what did not, and how to improve | B5: 30 | C5: Complete | D5: Confirm the retrospective explains what worked well, what did not work well, and how the team will improve.
A6: The Application: Group submitted working software in responding to sprint 1 planning. | B6: 30 | C6: Complete | D6: Confirm the executable build runs and include all source code files.
A7: Roles and Responsibilities: Group included who was responsible for what in the Sprint Planning Document. | B7: 20 | C7: Complete | D7: Confirm owners and responsibilities match the detailed hours and evidence.
A8: Organization: Assignment presents information logically and is clearly relevant to discussion topic. | B8: 15 | C8: Complete | D8: Check naming, Sprint 1 Week 2 labels, file organization, and relevance.
A9: Professional Language: Assignment contains accurate grammar, spelling, and/or punctuation with few or no errors. (APA formatting is required or style specified in assignment). | B9: 10 | C9: Complete | D9: Proofread the Sprint Planning document and Project Document before packaging.
A11: Total Points Possible | B11: 125
A13: Package the completed Sprint Planning document, Project Document, executable build, and source code as CS492_GP2.ZIP.
